<xml xmlns:o="urn:schemas-microsoft-com:office:office">
 <o:MainFile HRef="../Network%20Devices.htm"/>
 <o:File HRef="themedata.thmx"/>
 <o:File HRef="colorschememapping.xml"/>
 <o:File HRef="image001.emz"/>
 <o:File HRef="image002.png"/>
 <o:File HRef="image003.emz"/>
 <o:File HRef="image004.png"/>
 <o:File HRef="image005.emz"/>
 <o:File HRef="image006.png"/>
 <o:File HRef="image007.emz"/>
 <o:File HRef="image008.png"/>
 <o:File HRef="image009.emz"/>
 <o:File HRef="image010.png"/>
 <o:File HRef="filelist.xml"/>
</xml>